-0.107803118512862,0.0348789908353161,0.17085713930554627,-0.4153206256745859,-0.18555351024645905,0.28975465322726573,-0.3474529969508751,-0.06114680490291107,-0.18016799312651666,-0.40465819178154216,-0.06614595995624799,-0.1428177994556608,0.15397132121737359,0.13660051577261187,-0.13935415754193478,-0.03932270316897685,-0.2785271252058073,-0.34785831661930716,-0.2469984609678287,0.19061430621799025,-0.45493541140216726,0.2904347981256425,-0.4360761447563572,-0.032964512496871684,0.04295255137222256,0.03709607457699258,0.23875416576669012,-0.2832608591707444,-0.1678164359689936,0.3313208381359948,-0.07380716770987096,0.2528718478738522
0.007006584955930347,0.16768071007891255,-0.17708022128256598,-0.006924931955654201,0.03376163378517217,0.003958561541775416,-0.11723538513633613,-0.39329741835999527,-0.1330550089963101,-0.1551609024701057,0.2917160210365087,-0.11982652362724852,0.4129933024985172,-0.2961934236313841,-0.26598121894217464,0.3768914092467498,0.0013027903530463216,0.06869199609407768,-0.05505430508711647,0.024112407858578152,0.016653008759478536,0.4148667711462927,0.20267950759265085,0.14031972952274477,-0.17894536792765017,0.1402990838345445,-0.40108856261002673,-0.40439272563232004,-0.3148461970389764,0.09627172644903602,0.31515542532140384,0.12002955409768416
0.09429344776232101,0.12003606070519142,-0.19778188397398594,-0.06969950921644223,0.45531543035513655,-0.4756383352539421,0.2861039231360685,0.07569977724860648,-0.0043689157174506,0.11412415862961402,0.05969928843586181,0.3124930738569475,0.20972882498900275,-0.12143846500330907,-0.16264812448671975,0.45245835129170986,0.2908534786582318,-0.08035318388389949,-0.34302441370732595,-0.06563604761982762,0.18898557922157436,0.02824886808134006,0.1994976531597628,0.39531585685832693,-0.27065640215437836,-0.17744809625861382,0.30523495531954986,-0.2266161357228155,0.23419503449631646,-0.15369792597997578,-0.15261972119487988,0.27258551475301207
-0.07826495583264857,0.029624144772164754,0.08583284982149803,0.1156448993315276,-0.4114783998118611,0.06199016064776221,0.34011174004160616,-0.15579793868576103,0.15927575614050918,-0.12795887332200237,0.22772748305514254,-0.1417617346910716,0.3404642479092819,0.029197955182553022,-0.44149999877122786,-0.4170159125408538,-0.35107244566472573,-0.35767282579383775,0.11998486282064497,0.17607545470401165,-0.09878059980564223,-0.21811234046555347,0.08438493399288252,-0.07906069640178116,-0.02849777362828688,-0.5110688180404817,-0.02287274835886812,-0.1523016580076595,0.13146508120803463,0.023915274509713997,0.26363771624270055,0.1366448878099264
-0.0657938708674766,0.3560124157276728,-0.15632800594899157,-0.3788945301766774,-0.05023451316557324,-0.17759666336398713,0.05693977875771948,0.16311516868332812,-0.25036509297193466,-0.33096638955420027,-0.008661259688113985,0.19604690314903134,-0.01295884562065434,-0.1577347912543715,-0.16018781353269795,0.04656169400936912,0.26911093115280843,0.32272812002967166,-0.3673320132489153,0.16492598087519322,0.11666032238643183,0.30976995289803577,0.04790095707165625,0.026023429396952503,-0.037186245621915366,0.23146622246427054,-0.27186079876848024,-0.17173509173710533,-0.32047748734827525,0.14637457859375083,-0.24074469282525104,0.1166150365775085
0.1650990062621744,-0.12105609241119457,0.22893194599272598,-0.020769268474087547,0.14370675419289047,-0.02018213098608318,0.1817291506861155,0.19435365978833252,0.3366703056611571,-0.0027404344174142073,-0.00860014091053934,0.01748132736416075,0.3780362967857419,0.09819936033234554,-0.09001490085591522,0.19001120300250351,0.06143788052654359,-0.06317898655697969,0.016176408935373244,0.19893298400061302,-0.47637352044364606,0.2224075596121164,-0.5075050153492399,-0.02406582661401498,0.23334755058637424,-0.413526290075775,0.2676660174483249,-0.16828763378434874,0.18534203951272804,0.23441267367667304,0.15978403840175737,0.3516158670489641
0.11347988746010584,0.1489982492413004,-0.1901828108681022,-0.08058579707298968,0.21608218285593392,0.14067159143517613,0.2739143268638795,-0.14018590151566812,0.2735346382907509,-0.5338858285393028,0.1468937526221206,-0.16930726352746894,-0.1312097840010402,-0.266326317910082,-0.35616130272666374,0.14195456674487414,0.031194419688543723,-0.12100593154421796,-0.1444894166522564,-0.20713448871156914,-0.5862922755214205,0.03346094502891669,0.06238540103792634,0.14627716899780335,-0.12521529560515035,0.004792131323972486,0.07469393519806962,0.3205725762441178,-0.21801370230518835,-0.08920600512318987,0.02122867513966447,0.1290788137628126
-0.06804457309663178,0.035972120534478874,-0.0005126514465627616,-0.02668728378371697,0.24051455560256896,0.10511180247734654,0.3192609207613401,0.04472295232854097,0.25575478965188314,-0.3636329717194417,-0.21446469374709193,-0.18275970410209655,0.029471472255982612,0.14706786020134732,-0.156741345934303,0.3366087116316641,-0.20058934347768445,0.2990499584655584,-0.25869403078995207,-0.2489233019126426,-0.25112410156623144,-0.07038033202735046,-0.025619609942090813,-0.05379317327265224,0.21741001727915116,0.03644901366366529,-0.23378443144457509,0.030882022198965884,0.1810256793490168,-0.06815158128835735,-0.15071525353999238,-0.3154521970578408
-0.04842139734735235,0.05276070629820652,-0.4319754539944953,-0.02789021312739442,0.2623925177804729,-0.19490475891093195,-0.059137023118175966,-0.20857236565539577,0.31101461922218193,0.0565996374061876,0.08881458484237634,0.06798517518383936,-0.20325171163794484,0.043026982930741677,0.31583046222367794,0.07760554859494945,0.2263558295050398,0.22841950871134334,-0.3866198001933504,-0.23644822555800687,0.4580076930094631,0.016058059507022104,0.2256236138225208,0.25129109220311807,-0.20163019805208093,-0.054602526425589985,0.12107550698643887,0.07814770849407318,0.1268830851468761,-0.20024228664689675,0.00010677156579555048,-0.3925751299172379
0.12995245585128273,0.07818192652507665,-0.2866726689712924,-0.09587209498209144,0.19027458540433517,0.0460272245063669,0.04729801973692761,-0.3309080923217228,-0.3920740110674783,0.2612841829754362,0.1257761930095132,0.23476914802761614,-0.3184927902550828,-0.12833858901303752,0.1078484332655822,0.19001380243541835,0.3036670988338198,0.026264532636918834,0.029268844316822758,-0.20377851578634287,0.09793057648422848,0.21992397434908764,0.1935743003271546,0.35743681335653155,-0.21597071702220588,-0.03511170238314009,0.07471899871956254,0.1657109540769282,-0.3548716918358504,-0.24646849546560015,-0.042840538385811984,0.1173759817618322
-0.24449740484875446,-0.07236443091473421,-0.27857808455400357,-0.32929729457571616,-0.16794374585731775,-0.0050271759835923665,-0.05238776176300263,0.028846514800354838,-0.0008587886692396682,-0.10533471847691814,0.30773142921995444,0.18955812460895644,0.17383696333786738,-0.1687743187794477,-0.27706443715327406,-0.05423340564725799,0.22710423793762882,0.1483491701614545,0.03275903360021273,0.04415704048055331,-0.11508084362327571,-0.07330958127472988,0.16608845891716278,0.25169163819284673,-0.43342268588662347,0.24869396928437487,-0.13281792079981233,0.212592383394138,-0.31529690510515634,0.015353164521271492,0.37119042213667336,-0.2166971206278925
0.13823263554115592,0.35166123530703725,0.37485945375177043,-0.230682107912248,0.057795623979921225,-0.37437648191141615,0.3353646051840746,0.2227238071315777,0.12431173410089899,0.19331595474507055,0.1448915039553289,0.2525543076133465,-0.25647046485004343,-0.028050672699951082,-0.464326211726089,0.3443489350833181,0.23768562547595298,0.22967918971198611,-0.756467363076813,-0.19969971082783602,0.052398895768712914,-0.04343684964459065,-0.01802205411284327,0.3517684268061997,-0.10650222042785083,-0.14565268897288566,0.16009862864394692,-0.11445831260500407,-0.06883152836252761,-0.005081705874402476,0.36333271789809474,0.025702235133331315
0.3706079978936687,0.2719456879046937,-0.32479739050609346,0.2866561999352201,-0.05623270204912175,0.1843230814423961,-0.018263778544097463,0.13200633829914563,0.2632621505250836,0.29000666423432647,0.11822214628888962,0.0753354899405479,-0.17868428417312812,-0.1390532791373539,-0.17847343810124425,0.2765738280947801,0.021193909814971258,0.36851087806416055,0.18068474765359235,0.18973002355409274,-0.2348068425486713,0.45070186652891064,0.20575786747060176,0.016232842577896145,-0.03267936011259049,0.23786187246247925,-0.15509526269447194,0.19538913177135045,-0.18302235124196406,-0.22739503070285788,-0.012139462368323067,-0.29138412980656875
-0.18967561238637412,-0.30030485239638244,0.27093725822804804,0.14842542636007214,0.4035529023073605,0.042709048848806476,-0.29533810704800695,0.11553825755992245,-0.07985213872676283,-0.08776043513394369,-0.03197910525212498,-0.23451929118199566,0.03217230871307129,0.251310267227883,-0.057973881047479164,-0.21014391692732745,0.21400857986259456,0.03326669082583728,-0.5497721533378372,0.33957792178398283,0.010334430149653219,-0.05058521534277141,0.32028231526403056,-0.12712993734842679,-0.08652358669707837,-0.11069185328725151,-0.2288216463640682,-0.05000290708980921,0.17940666432621102,-0.12240440690992165,-0.04520864197337675,0.07916109179766291
0.20627128360176747,0.13151977496736747,-0.25919962832201504,0.2195995667365495,0.020867405451746864,0.029035053717974976,-0.25387520580199274,0.23917588667516354,-0.19035168164761507,0.051789375166456986,-0.17050848382686412,-0.15462052581314883,0.08287753284954685,0.26276450575592386,0.2891040437139035,-0.3047027896826791,0.04138018333545714,0.18289285649258227,-0.3285472007192297,-0.09153557343168761,0.3116139562849771,-0.19110248368528077,0.11645719943426482,-0.09261536430893919,-0.20937264509049955,-0.09908292718038177,0.38758211773021045,0.2602276078417402,0.3475416287462925,0.0901993690649553,-0.40719562655713387,-0.06998951005548516
0.003643073545410026,0.33646029202643546,-0.4348783843888464,0.045943521435653306,-0.11046525539808529,-0.14070689563665156,0.2665820026925843,0.12869587167839885,-0.12047788500672038,-0.07470541156228971,0.10623394101687499,0.31474177095745826,0.11655270441633586,0.26811732154347373,0.32745365322038117,0.0007199269483430105,0.24400211248870338,0.24723390860619812,-0.6016324927090232,0.07920646045568491,-0.05375476145558452,0.47285060294346937,0.09308911488647445,0.2611630512567169,0.015260626448963909,0.5026694932295471,-0.0639820788249912,0.35080929549435813,-0.2781792710491916,-0.06760495581679407,-0.1757798504598688,0.12725544413462528
0.13382695552354582,-0.23655308294022037,-0.03480704458137079,0.12984150772009442,-0.17257652691053144,-0.20989308001784368,-0.22866582238708508,0.07495839323384892,-0.016757099665813943,0.5170797996201781,-0.2088905127266901,-0.2754019698542213,-0.1363457650869875,0.41728235434776595,0.39278877585009603,-0.331685348791587,-0.12945549058752334,-0.4192500173488424,-0.011505905610930045,0.3665825907829008,-0.0018755255314445993,-0.46578707053676793,-0.4020868053035881,0.04319508051590464,0.15193390347725969,0.10139885210347402,0.21239662170306706,-0.36705498255117514,0.22361553391860706,-0.07723684114174918,-0.055752708093518955,0.1724019587915681
0.2772461751402311,-0.17605528804300605,-0.08171227314476938,0.47185198896046626,-0.12660854760733375,-0.08049605363430115,0.08872797788849474,0.21944852565792589,-0.23615970911235162,0.47528534129120786,0.03339877331310039,0.0040880348811710284,-0.16916023827743518,0.1454324318059575,0.06582922151000867,-0.3141833904191662,-0.06244348996705387,-0.15159862476339495,-0.04523543752016609,0.1783194294763484,0.2709911337962029,-0.2943676602359441,-0.15334957008820246,-0.21014289853200582,0.4310321068825515,0.08463578566536918,-0.14692408579896968,0.24720310595155345,0.5789218513497606,0.32471331008872695,0.2434956145287897,-0.14053582864788433
0.23940749379359647,-0.027627962806842658,0.2857401435713729,0.18531312147520118,0.04648003652929011,0.1304078863327593,-0.32063679561470687,0.07763837979108676,0.09149482960691975,0.46670304510739197,-0.3128664431356381,-0.2639842646823245,-0.12313178697822554,-0.004049048504157816,0.32431539676023297,-0.16232595897231955,-0.019762323761518045,0.23064061765263338,0.32055184997685643,0.1420485717080036,0.06883900602545621,0.03534985490071225,-0.07815292265291526,0.05135165364107647,0.2098386575962425,0.27195837498742426,0.2432406800289466,0.3344850768428924,-0.1256524226274451,-0.005795040410556598,-0.4312945306142557,-0.09627984536212743
0.24903222346435036,0.3370566381215148,-0.3425541723651275,0.13689667321738747,0.26436425001442737,-0.44117741648391345,-0.17914069564622676,0.18416119753562502,-0.13448378959808213,0.07057817795661554,-0.135558037654551,0.06989308240707102,-0.15719274865324434,-0.3083088561006205,0.04852768053569156,-0.07526368523185188,0.39516105953974057,0.08849321369340504,0.5821360743685678,-0.1667896326574092,-0.15494174896545454,-0.18137768839876958,0.061820647309048515,0.3352309164401978,0.3037032685244228,-0.008876113314027259,-0.382075888290375,0.11102239101255583,0.2520020631918298,-0.11541385732260133,-0.13382842503554654,-0.11945053458624126
0.05811770211127478,-0.3530213830254868,0.032927868340999575,-0.22408735679566186,0.31353257799167417,-0.5504201520596089,0.0192201098762552,0.03134089254699019,0.08660815631502584,-0.3237467530581231,0.13203897215231772,0.21834340749248665,0.028262947551473606,0.026249095063623044,0.11224331072811077,0.3270411149732073,-0.017869061518064853,0.2915663727911354,-0.33575821000137906,-0.31331879217314124,-0.16427260740725716,0.04867349176787567,0.32232358810848694,0.12894727131231667,0.11592095239393706,0.07523210882244609,-0.3038077552150755,-0.26091177997658965,-0.07326709253000682,-0.047928736263563095,-0.057818278887738515,-0.07914095142462256
0.012125244260385417,0.14870542567346268,0.3178427346332494,0.21870969367917809,0.05963398992033251,0.009907029350409862,0.08552485274364699,0.14100294509318423,-0.24806995312440902,-0.05352452571921252,0.07584478344996926,-0.3019622913180785,0.07640223485310252,0.17489086412465113,-0.14266791663668715,-0.1686490211348002,-0.13961122861249972,-0.19919305422545738,-0.4312434056607805,0.26181980908631075,-0.07427127726132361,-0.03681407561868661,-0.13142628484140825,0.18335877950101082,-0.05495642052777433,-0.09991178178373954,0.26366661151224136,0.23969165292697311,0.001157935234252171,0.3386054608774052,-0.06917784771173521,-0.12092649460509321
-0.09871527583395372,-0.24372227855595954,-0.005318423890112474,0.008239753024737027,0.06084515466665152,0.09395053384803531,0.2549668642452796,-0.3051401084688189,0.10843723632538546,-0.172899938092993,0.13792969264363744,0.23149565809001382,0.29382291596591503,-0.25537780752769385,-0.04900994970527597,-0.08622925213297676,-0.13594593706559543,-0.1008602200309909,0.3915592171670845,-0.18308140048832192,-0.15779405955151288,0.2843032602897133,-0.06037314899053069,0.2607607919548202,-0.3042972423808156,0.08800127677064695,-0.18563251886511495,-0.11822420326412214,0.10340474552240665,-0.278400784318831,0.08716885719809109,0.04370292610042209
-0.11686966730866402,0.2302809596938742,-0.3037002602331662,0.1256983551270558,0.3219921126806144,0.01650216700129536,0.3911049319664573,-0.18865101489339547,-0.029678561441757727,-0.05776219650621759,0.05165484206726733,0.24313353219558345,0.07811230075884847,0.028775736189522155,-0.2988942283181516,0.12238932297152376,-0.09765318881248912,0.21886341954738522,0.0812065899622222,-0.0523715429236541,-0.5005809912529834,-0.20615455813378986,-0.4757491464112288,-0.12326961188573449,0.19119637667425793,-0.364965637800576,0.28034179911409085,-0.7760027703029093,-0.03982743727875848,0.10432683697063709,0.025965119513892018,0.030736388061800485
-0.02044594839086405,-0.3792716553805229,0.005320542898287167,0.0808858351078739,-0.32427042524440275,0.28139396305901615,0.07145003069440128,0.2140386019697514,-0.08076318836350849,-0.10940349627116887,0.10128981581605413,0.06541445364190764,-0.14790904068605024,0.012623286216345715,0.2996922623505113,0.2165437346946649,-0.17205250769229638,0.10405131783284,-0.21157069096129874,-0.14834561436461308,-0.26649951144719236,-0.042580325528881205,0.13929564921106508,0.018935766337528307,-0.198623120710815,0.42809294826564664,0.266459754925898,0.3087723706852725,-0.3014027390963065,-0.0024001179796541796,0.2918397968488071,0.11345018266178561
-0.1098092714309281,-0.3044399259043814,-0.05932340254991875,0.34978775076039964,0.08970498925762946,0.00900980316775615,-0.1159131689628549,0.12297690764587599,0.15816772620948333,0.09117881795055416,0.17644844147132013,0.3544227316024831,-0.19893993554592734,-0.00848245196661487,-0.05457944609804634,0.24886659796640498,0.13548054361565742,0.1039212809385432,0.18345028094651883,-0.032847997434590666,0.18596087308833004,0.170754918821416,-0.19579729734776624,0.12809535609807132,0.23089282277944218,-0.02923632833518657,0.125400462756055,0.07023483652432493,-0.045898230079404474,0.2257855267343942,-0.25552450024507833,-0.2721123532206279
-0.22103109482710176,0.272767550574102,-0.3398902557790915,-0.1844508787342862,0.11788613462028225,0.07891493112187502,-0.19388446365127476,0.19303898573696943,0.15918446717221982,-0.03721967629753239,0.2572656352352614,-0.045369055100031835,0.26357134024829715,-0.09843471662315408,0.09153630847493024,0.03361672271143853,0.2188437105009294,0.11062531843323,-0.4720750318549212,-0.30099138736632375,-0.07228532362671168,0.13692279673372199,0.11494586807786315,0.2093001734439474,-0.24714960373521416,0.24486013015573257,-0.28186923568522937,0.2606482292454382,0.1558453646016374,-0.10237755835486874,0.0699748850552889,0.06182648521686918
-0.013179815701917834,0.17269491905127896,0.35278094265988635,0.10748678177162192,0.016565508518003962,0.2028798253024879,-0.16491171720230022,-0.22971074915647768,0.039727506966650956,0.36671126612165156,-0.36323149494595064,-0.21748728564737238,-0.1828706951538855,0.004165448387305995,-0.14459270285451606,0.1079047817994606,-0.03609089536411542,0.06092538074239751,-0.09714868981099264,0.21413180350310157,0.026301901958069567,0.3044111508017235,-0.04275169837744849,-0.30067766377275035,0.20110118998806079,-0.03873129358015387,0.22202647722841629,-0.5144647524057655,-0.20257783463289086,0.25074223897245534,-0.2525298934104637,0.20651130832556633
-0.1846171379118496,0.03373378739304192,0.384234548331614,0.05028412271476246,-0.14906211703459835,-0.3890423383063753,-0.276891837672944,-0.11059960667995646,0.12242095081998804,0.20382537686510607,0.269742396086709,0.27623028901689567,0.1328298796202987,0.08495895731984582,-0.24198411034746617,0.24738195271272995,0.059049828864589086,-0.11557985423969827,-0.6336935543916439,-0.06947861837476299,0.09730780839512394,0.26569423387872254,0.15296183496106205,-0.15726311722720937,0.20802835442558923,4.114411974064611e-05,0.11901622072286736,-0.3103505337436237,0.05804175227794624,0.22051735814640683,0.1008620690592386,0.2945435142370563
-0.2568986620155407,0.24823095025882977,0.23817895848280668,0.07671641824500032,-0.3997664933304522,0.2271475891958683,0.126150508429184,-0.20424018213876555,0.28552288750141946,-0.2103107559113131,0.23392939751718783,-0.22779682436435633,0.17801925032485336,-0.05049181567595412,-0.3148528975794205,-0.3055399343432971,-0.2471027192347063,-0.18737997732770395,-0.25264494613405225,0.0394997480222995,-0.020884764214201337,-0.01980437053231373,0.09764647064918043,-0.31698355326588484,0.0509721002789838,0.12125437606131886,0.2599337151698533,0.059894008947676255,0.021622265182445456,-0.2197053230264368,-0.034591395560788885,0.025953425396642967
0.25196635901037107,-0.3426948399252,0.28192917532762785,0.5007701525410994,0.40839422995998936,0.04966032136023752,-0.3191621794517066,0.40435717085153267,0.00609267982067726,0.05726339481347771,-0.28687383232185876,0.18113234969340908,0.10907215471528937,0.34899291373473534,0.2574630581094328,0.2132452522688035,0.11301143713993482,-0.2749140201275769,-0.12541736222270655,0.02002385589013488,0.46287342783612495,-0.08374620625231716,0.3019396808949195,-0.009367917933106127,0.21372736150466207,0.1924361931959263,-0.008423660627867226,-0.11983578879718516,0.09505967800770594,0.10658628537347005,-0.2681132866381412,-0.04661584894180129
0.04023279823795417,-0.04710719994248847,0.40621383211155193,0.16488383199342424,-0.042604216362175054,0.10424307633951548,-0.06730181518901844,-0.06298401534193533,-0.29515008623833194,0.09106003111590934,-0.1246108647515445,-0.5085931647852845,-0.22708628374823328,0.07196465210388034,0.6272080991002797,-0.24807525837712097,0.07899011689849919,-0.20812502278564313,0.11768936651324383,0.04846291530814384,-0.598017118313829,-0.23169349049005164,-0.4174490464483066,-0.19572313294377758,-0.07068751217893726,-0.43898659324438366,-0.2511684143982318,0.056430825365317475,0.4599885370965655,0.14015174661270696,-0.13501324565956027,-0.16004733526753467
0.28730845923282194,-0.17053844626372658,-0.22470051778417532,0.18972437592791905,-0.410834178266803,-0.05500063939506762,-0.015318017410177458,0.32202271010070005,-0.18880935046928535,0.26663247888035946,0.2780481927948584,-0.18940159870588774,-0.14435414362214907,-0.01757708954243548,0.01439911141619843,-0.21537486338217124,0.3535253048758696,0.22723513463216977,0.1998737642486416,-0.059378932037483005,0.3133030275052728,0.16771933767924785,0.2920881276346154,-0.25956754467045645,0.2247389341178413,-0.048643554547019754,-0.17032155636575555,-0.004737066997638927,0.21735245064419206,0.10468268684319926,-0.1438111901558725,-0.24757592317012916
-0.08427738598189966,0.17209844346105876,-0.4461111343776229,-0.09214379550067936,0.30580145831859634,-0.3289981584538367,-0.09820982450499355,-0.12305825035011685,0.30282114417094425,0.10572643936283366,0.2986889194885054,0.07248747977260735,0.13572596513467558,-0.32435730608215735,0.03725529330296169,0.38864785742120567,0.03150162536664625,0.20402204648481323,0.13247842449816052,-0.3733460359151181,0.43685953272452394,0.30860840545247614,0.12546922937761518,0.00816774160339339,-0.39198024275181265,-0.11587412222997757,-0.28156353230998343,-0.07844682018744933,-0.10969114991182624,-0.37463476068979484,0.00364513210563409,0.09610799442465331
-0.08431600882413066,0.23062827258069432,-0.23482173223693287,0.15275767220888098,0.18874939734276405,0.0210660613464753,0.19257870604626784,-0.18684673404626068,-0.043313210395634565,0.12312578725899313,0.009142788432757247,0.30864204153875363,0.15323706535644613,0.12578036924716332,0.1929686405017985,0.10805375859101356,-0.09993179331807815,0.13327556223831008,-0.011368344200887464,-0.03408863841977125,0.27907555268110945,0.25601318156383074,0.07009101275874711,-0.0167406740318102,-0.07233444041521701,-0.19642997981802698,0.19720038617885996,-0.22818673640487652,-0.2541159524819547,-0.32407168928724184,0.022577881150388886,0.05860658776172893
-0.20382985107531507,-0.05935846244943442,-0.2805041106106437,-0.27000999721604063,0.19566664079494087,0.06192285037886061,0.1787198830567677,-0.2369798380404352,0.39771263116806976,-0.1928208846309725,0.2228144829977774,0.07171566601169053,0.12947348037882667,-0.5010853997300662,0.07294448476753804,0.34162409580535014,-0.11867330664869445,-0.16961242877016414,-0.16516666221747944,-0.04207576423793022,-0.08043468169104172,0.12166351190472656,0.1098955888595411,-0.006545928797545169,-0.3040695075588254,0.1758659643464097,-0.12248442324753943,0.49937654607435317,-0.2999893181219172,0.20206070627325254,0.2444588540923771,0.11760224329064865
0.44187790793784737,-0.42162941134032567,0.5383615131966886,0.24472612199379454,-0.4896408941515161,0.008351639031868245,-0.1080827251270274,0.10579288495504047,-0.22016750282636144,0.1387209739397061,-0.11923144414703661,-0.045066002033437885,-0.09329729766106537,0.18464016215383464,0.14628709394419218,-0.6586243150192437,-0.1366815364377907,-0.049528193756690056,0.25172595415031557,0.496645201291462,0.20797257801166005,-0.3963751152305686,0.1817578783458216,-0.26692904202966855,0.20218248594637692,0.14601800815083837,0.07263759839381179,0.22261534890157192,0.4378562414975817,0.3682850772064474,-0.14103918044340688,-0.10646940095803957
0.29714952966141805,-0.3659526303452858,-0.11944683792206794,-0.16675484264036686,-0.1555082016035054,-0.16638433221785293,-0.24127122018183714,0.2847951987335103,0.19269863102896181,0.25703147609208304,0.0680555427361843,0.27988001709556726,-0.4443913625190728,0.11506657768593591,-0.4920582888776296,0.19973237591281398,0.05436957330034274,0.2795014249794872,0.10969991623719284,-0.30160215847230276,0.2309836202642555,0.2210273209267541,0.16515003963218808,0.23437937417068935,0.04312272834946581,0.04198513321585479,-0.03687510171767637,-0.039259672837978946,0.2787999490348342,-0.28456650821914414,0.18965077672118344,-0.05177538674120452
0.11936838006729841,0.2609947679718903,0.22215554276004237,-0.12263923346044447,0.16831687603421722,0.26945205108172277,-0.0024859450013332654,0.29382882573979513,-0.13169161486259745,-0.10245062644063607,0.15595145105290525,0.07356708010436494,0.13001642506397665,0.30061726987522724,-0.2024017087595725,0.2396724062395345,0.09912764972959527,0.06793428724139462,0.29106101997922695,0.3634656806564495,-0.3952185726317262,-0.05950066976866019,0.13669305112068933,0.21720504877096705,0.12159432139136503,-0.2656432471641858,-0.025465154736164168,-0.1365145660088443,0.30359413276297853,-0.004669628326344696,-0.1847171003195451,0.09931469450825565
-0.3814048090950903,0.4678752309318677,0.30140826215600347,0.14330088119676426,-0.2150220325154714,-0.1468159398678961,0.20478343383988012,0.043057995535958286,0.301159348271768,-0.1739005930134741,0.04518296360037295,-0.015560100101960758,0.45580130478361147,0.209570673941273,0.07021175399403179,-0.13174098033258963,-0.49468637653435454,-0.04822857311441967,-0.11459459301334114,0.10807792252076721,-0.5955338594834331,-0.09965224368929618,-0.18848906709555902,-0.20708333848509317,0.12617063303292908,0.21947216878009715,-0.017613465661393653,0.2829995364941177,-0.10053413641339165,0.08667279759425658,-0.10111462241659964,0.2608525767297632
0.06557919862066197,0.31264751299792326,-0.020486649102248178,-0.18909070954748913,0.05390908939025448,-0.0063574612622792235,0.18107039208697762,-0.21845825922148668,0.3946556678467421,0.22954039972457446,-0.048056112385009515,0.14813579415319122,0.10454957383781932,0.00959573636166256,-0.2828227058471371,-0.0007136816663007847,-0.06607604699028635,-0.25185710342672707,-0.15991063344243495,0.15586142324531632,-0.01800871905568594,0.11625248959432097,-0.1834638245690807,-0.13559670353114617,-0.10825711452435648,-0.18730584679215712,-0.016043396077594894,-0.42315741059325,-0.21598965290851743,0.16228507122155736,0.2848584176772738,0.3655381322322239
0.009287101015399547,-0.07614712261809442,-0.5071036862745802,0.22594681812882988,-0.009544679076974164,0.022050661483204077,-0.21380614168230283,-0.108951845307411,-0.02072729328446787,-0.17419172326758933,0.10738041460754451,-0.0819510192889768,-0.3334709182698786,-0.038611403892862065,-0.3505684223413822,0.05239155540614835,0.19333906348639518,-0.11748993758977228,0.17237119172639523,-0.2198016422197995,-0.1631633375202337,0.11852547512631362,-0.1294742089420745,-0.18648575999033246,-0.04989793877213442,-0.15965374673623878,0.0725392304357688,-0.21988333446904418,0.20692715155630514,0.15252988619782418,0.04990008805086547,0.3187139474740429
0.04978581940086665,0.3285988877358569,-0.18355064178435354,0.0817227935084498,-0.06068945615543398,-0.41472904092499085,-0.0600394806982924,0.07110578662970772,-0.41927353656686445,0.19207246130843642,0.20915793769804214,0.1369167964606484,-0.01222227324312173,0.030099592630203464,0.2066995025069481,-0.12340768096910461,0.2178355826109181,-0.05862416853789663,0.2560429337128635,-0.13611657323723156,0.19500138113457183,-0.01609766123038053,0.5258346021948166,0.1550364769904831,-0.08221886243428887,0.21176555770518923,-0.456531611608829,0.06638686702951263,0.17437344358878054,-0.3616343722529021,0.28631213302553243,-0.30188250323457794
0.3373087251412621,0.05084965688631235,0.05020161394643991,0.2917535425125644,-0.04490638697092157,0.3110068496006974,-0.2096478254970794,0.24819969548313092,-0.05135960049058583,0.12723063182158686,-0.23577531183605552,0.03034357857555208,0.20057524902079357,0.007842875406032842,0.26902569713254976,0.037983088725149154,0.11049899601800872,-0.09179685429776681,0.4926749764086068,0.02830719128280249,-0.24648149837271097,-0.3228857491771412,-0.29400826937713365,0.19853499087450738,0.11815054607172239,0.3041583298069588,-0.16048054478853954,-0.022462129441702366,0.12388460811739686,-0.04437515204006167,-0.31935737436276923,-0.07237351411545015
0.05941482262619619,0.26565876098213415,0.09328239383900876,0.02667042695682166,-0.22189512422553245,0.07697226060984479,0.46603007751098796,-0.005470213706562321,0.27998115657002004,-0.06740622318727083,0.42084901996934954,0.4126944318770228,-0.019733236358019345,0.13414495818947034,-0.1302783816976541,0.017650087279127372,0.11330035801182933,0.1639082589811307,-0.2498090188427886,-0.3318905907501604,-0.3014651909883927,-0.025250948203580943,0.2506113461680574,0.30714012275858865,-0.2521400239952892,0.016802691294473995,-0.5085235238288032,-0.13393108708212212,0.043738971759448096,0.26457598066411103,0.4694659780992035,-0.2725649197793377
0.20126941689185868,0.2757826177437108,0.00956649834555101,0.015943833373614037,0.1315292582553017,-0.12245788773680324,-0.2583377860764863,-0.054329446085990656,0.018815276431069408,-0.10083266524850422,0.19138370183128073,0.13013492894921688,-0.2935997391202592,0.24736636283030716,0.4687084612188462,0.207808850887432,0.39072820714531675,0.15994693148333672,0.3659668550607087,-0.303321069410753,-0.11049947031809279,0.006699061477247503,0.07006308123739846,-0.13322743970922918,-0.09948991298527869,0.31618378399313685,-0.11236432039399126,-0.018025852526308134,0.17378099820411455,0.14299965461858755,0.06452260094773107,-0.029406247552164887
-0.19023677160005775,-0.15738427733936872,0.5489201068933923,-0.17202570692241645,-0.21209539842286354,0.11971269971891078,0.25948659497728566,-0.34313538217648537,-0.11911953688134805,-0.3446575709458219,0.19032291070361704,0.11024213322645102,0.01537946676056886,0.1696256782884297,0.1522107387247089,-0.3373259158836493,-0.12844744358407129,-0.1185075629915367,-0.05404462070467747,-0.1519994475425122,0.20211798459754088,-0.05681910251831098,-0.08813041358628596,-0.2332347928281965,-0.48971456039379985,-0.538320803221943,-0.06374883474202664,-0.3458322973390722,-0.10081707002262233,0.27483383688559304,0.5146109900797441,0.2917593441969197
0.2484559590132486,-0.20672925659351593,0.21581466558608164,-0.10196412707586945,0.2971979495545415,0.20688199206298816,-0.09078258200669992,0.3379164199119976,-0.09496926119028909,0.0186519009613838,-0.08282999952199575,0.015218983526681877,-0.19417803702316244,0.04210257304710292,0.40350931240079146,-0.058861687591223656,0.24278679825811747,0.30496659468415044,0.32312346673045,0.27535862244278597,0.2522117853442359,0.3934723189536903,0.16041786491418839,-0.12916410560693198,-0.050187403511967356,0.19754869265595562,-0.19141485699165114,0.09718833874967645,0.18288393054786173,-0.1930604633293173,-0.15047198369043638,-0.010758051354402123
0.0596360118360498,-0.5637937020029459,-0.3884836069154887,0.03056200292751893,0.04472132148285034,0.2930587645602988,0.17661340581996518,-0.15025021942740963,0.0004337888397611687,0.33498863463547723,0.047022472067632284,-0.35169711672222603,0.10948652489418892,-0.11081913965846497,0.25652091580877107,-0.18516025324224203,-0.318473168977948,-0.06485870954096305,0.09668182082730503,0.34864365696590865,0.26403385313005756,-0.40230684669556166,0.09214224053167633,0.0500706352274718,-0.12189117201257318,0.05043308806303416,0.3340851586553081,0.30024294922631745,0.16556977393266845,0.0588560468771213,0.2070821885722067,0.0473426051639059
-0.09710592866946774,-0.04348265362143033,0.11202966360910305,-0.30455716621730705,-0.3239665136384114,0.6004596757099829,-0.0836071141844765,-0.036045601500228355,0.06260391769792836,-0.4707527574689749,-0.27925269791858953,-0.1722787399855552,0.44756719206307216,-0.10345725117945155,0.16837554970103846,-0.5233119932258952,-0.25521359582211295,-0.16151461465123768,0.0921484873980173,0.3107972162425965,-0.261424353375707,0.03556199288503183,-0.10655166496150639,0.10038874752734214,0.04568483517621298,-0.18572508506459048,0.16455462177538072,-0.07967404656980617,-0.2822181164733953,0.08830816672507409,0.1954335771309149,0.007295139902928527
-0.10104930131292113,0.1783245704524969,-0.3513454008613881,-0.15266678250963778,0.001990453437479808,0.39619249478591584,0.026469126219148407,-0.05515751667825476,0.15311210416791982,0.11823189963505358,-0.18929973197283562,0.09449709175653492,0.14739771030512905,0.12782369199818652,-0.2806525758518575,0.42430762945060874,-0.08246971063903354,-0.349176186079287,-0.255371143163777,-0.1517070122215381,-0.2155366237995894,0.2164297467981015,-0.3849272788836768,0.0632841507219128,0.15063382361668495,-0.22163758448558132,0.33322416384044645,-0.45335147822152627,0.03306157046348875,-0.21053311690117146,-0.1900018434262738,-0.214622167491177
0.2601997699127354,0.26661284562207127,-0.0035201973108343458,0.2651239119895278,0.18678031057074115,0.16844442642701676,-0.007955811804797411,0.050410624783377496,-0.24103549755140471,0.3580417024968102,0.14937339882525286,-0.12854955320703418,-0.2488857179330569,0.25402806876301937,0.19704036475630557,0.3513932093663503,0.1446565604927474,0.0501595596486064,0.032034911754313555,0.13431986136549728,0.035500816641836914,0.02392520164286765,0.15766913208536049,-0.014789001737911625,0.2795154325423216,0.20487811853216975,0.29069457032854623,-0.22255789641146098,-0.09397152082557718,0.0673389356490586,-0.2738157267185729,0.1308961983105841
0.16781559473757257,-0.2998836676829559,0.1653182062261586,0.1446168202418733,0.07614252927650751,0.3838517967580238,0.19641872715279335,0.16499104424192987,0.170112126045811,0.09726019014299174,0.019936136873511246,0.04200520049119606,0.22287602247920302,0.3412200382910422,-0.12720834527972286,0.16018811123872229,-0.3428143889095564,-0.34688574322785215,-0.038558381935524105,0.4190918686890094,0.16591296437453343,0.07771475384659486,-0.011593689067961953,-0.19962761185991687,0.24715341356535342,-0.12905287290705625,-0.020743889089850257,-0.4684176108199201,0.09414583812371076,0.32013297916156114,-0.0877586266865649,-0.36365816484491503
0.030119628454510387,-0.27498571487137585,0.09889768402549844,0.28974206660286306,0.019978775297385544,-0.14600393651120114,0.1290972847622017,0.20397483222677362,0.03939453567413225,0.2580227743352472,-0.40393371696931896,0.03868856946186253,0.22720739651572927,0.14934665581447293,-0.15702716587781945,0.2640316961666095,0.04200872507457879,-0.019249854551067674,-0.006628521149654193,0.2549712269089456,-0.7142869216648975,-0.09720190867840857,-0.2941530738256253,0.044300266599503306,0.19635572786995809,0.10951924155007431,-0.04705748714452861,-0.02446227591014087,0.07137759789221278,0.2596403674771779,0.21815059764753708,-0.310967015233123
0.06060240955831432,-0.30096429525504187,0.23608132498704737,-0.07150254749749087,-0.3404120746881589,0.0023306170322606803,0.22804349113360808,-0.10271224872541808,0.1800626938238677,-0.04592139195212917,-0.2232338311273625,0.20009523711985047,0.009303979384745002,0.01591726472895534,0.09850265105241966,-0.09170953971505298,-0.47352051198681416,-0.24460977103739515,0.4104036485439295,0.1812813145166043,-0.05480817990888007,-0.010756557428133693,-0.2832788183788826,-0.07427387807258487,0.13307554283474526,-0.09327106799899575,-0.35191745274282804,-0.20718106652204643,-0.35909725837777723,0.40023217997895894,-0.01940853573538204,0.014018630741962699
-0.075623813006744,0.2251270797034293,-0.4785285654916108,0.03277203131445462,-0.018587855584141545,0.2893580783209366,-0.05572096028206277,-0.08175809426439899,-0.08443441845699816,-0.14753346022312658,-0.2977358562402324,-0.055564308217090956,-0.11507081743297204,-0.07119170406197109,0.15280239859604072,0.1485039499539897,-0.06558583779348987,-0.3038854167531753,-0.12644199121949548,0.38361310255158004,-0.06599544995936353,-0.31275058381159176,0.039702040731666534,0.043854378940448,0.13144344144686254,-0.056458019497386554,-0.5284384708060034,0.34890396839736126,-0.10422666815040074,0.21967189621189825,0.16432187560160627,-0.05944688210305286
-0.04746206530772791,-0.20969411940867783,0.1575539850229034,0.32173924366745693,0.12763573879844478,-0.18640369934431547,-0.16525345578339234,0.187951911526707,0.07226655641951278,0.2530654763645836,-0.20676716452895272,0.02520181732016599,0.20549958384157693,0.13061227191805092,0.0241871053492933,-0.3260057909411571,-0.07134617754300777,-0.29348325899509276,0.07900146061062428,0.3392279534034227,-0.19845102472882428,0.11830531393658363,-0.39222372733256583,-0.0373278445205021,0.30894672552879343,-0.29381198582767076,-0.14894437723393447,-0.20742733953934042,-0.2834117784586727,0.13711986752629587,0.3269118067774224,0.031604429271811986
-0.12459929744289391,0.04475314144359474,0.12021362886485984,-0.3532318437335327,0.03630448131930731,0.03956457209792861,0.18017134330538617,-0.2656417904357728,0.25965961067827276,-0.4027447168103153,-0.06284165810937276,0.32521616877352105,0.19021106634782362,-0.2623055276214913,-0.028141847057217964,-0.33372421288771215,-0.044104733482268704,0.0007301495937869222,-0.11197469744225741,-0.25928810089912985,0.18776797180969734,0.27931238318778856,0.2378942933183154,-0.07291591978265921,0.0058380058076697005,0.2714724684010725,0.11243956560746758,0.21662215695017153,0.12099260781728886,-0.016079975789308178,0.06994180804347296,0.2223770594566282
0.07961451217175237,0.15155897889369718,0.10582304536490207,-0.19623942826688556,-0.4598475088917962,0.3682024066523488,0.04789121070069662,0.010696461160247734,-0.05098775386661782,-0.14707685046476715,0.14997149003517363,-0.07488584571855786,0.2998786691872488,0.01655377380861911,0.012397093563450175,-0.5061066975211574,0.010256622049664422,-0.3377938069642057,0.03838349594022441,0.1726488200782141,0.35063480438028705,-0.22899881851525944,0.09546424128157055,-0.34957093671495293,-0.13280335073947597,-0.48755052991188375,0.07947340938306195,-0.03405900570476355,-0.21497463459664584,0.12087949556192934,0.21656203642381933,-0.040680108068071985
0.15329606392746423,-0.010406646204514165,-0.05117395252835113,-0.01187003864919219,-0.012824788978468716,-0.16584036118137263,-0.5339715658350693,-0.06349992844378163,-0.03323535161950735,0.18585711426382892,0.03853705332868842,-0.07196400317094273,-0.3148184671315047,-0.07917407756224465,-0.2514251884637264,0.0807477346877354,0.0642990532618805,0.20240527338045375,-0.15358339384203087,-0.048560994736842125,0.3589571720311815,0.317423919153888,-0.04925477537428649,0.2854880949348653,0.22118774695012855,-0.05998894345676438,-0.2327217493263529,0.10036556004047964,0.24553290784809043,0.19657665261223625,-0.30806782269916383,-0.1618802917287834
0.31997041173268265,-0.1797701073403821,0.03316481888297985,0.44570705486990636,-0.11903893351792416,0.09932609764173697,-0.08924285824539263,0.24898975969589088,-0.23307359864487018,0.3980994766823137,-0.39092718876661825,0.0009726622660671412,-0.2562701650688665,0.22753412315897442,-0.27828334187237364,-0.2327688014270672,-0.008321587458033516,-0.1626762803674244,0.4002343586839516,0.1808047857760829,0.18583932165861408,-0.33916911437278663,-0.03828973002919833,-0.28157461948896406,0.020333389441244895,0.26159146628567387,0.015273277006733614,-0.1713198681823015,0.08820343297618748,-0.2744452382024977,-0.1738308961647849,-0.32015653418762235
-0.09766797370780143,-0.40316210774542055,-0.05896705040410888,-0.04065058657639819,-0.13051043409208934,0.1302559732179218,-0.035716290969589844,0.07850044404359652,-0.10678448151707647,0.12026149104739864,0.0675705886392412,0.1554571703643689,0.07248930828224173,-0.1349634381271553,0.024900497520291897,0.035367712185377397,0.4188382330017709,0.1259102972379223,0.08444689118469162,-0.22896439889088555,0.2870879546762408,-0.29285924890825266,0.028881262478904986,-0.16979684085105246,0.12826582152800572,-0.05003752293622355,-0.1464183887978633,0.11317287170767856,-0.10787537813632812,-0.04589549501596466,0.08134205553866981,-0.3830872801519733
0.2462226972940959,-0.4563040895505003,-0.03702009764951635,-0.04197467728637562,0.161044696929984,0.24975257851870172,-0.1941137154547473,-0.07452549653257047,0.1618372298892276,-0.10043594485796434,0.17854894053829615,0.14529347011657534,0.2913404389435956,0.02051634925655846,-0.12952853962202218,0.23128770863273151,0.03789882130665966,-0.11544647718807302,0.24594108846434137,0.3138993122036353,-0.2099888542679321,-0.3937446198478078,-0.015283244783688215,0.14077233490293184,0.2668558024937897,-0.3097098645470406,-0.3851024950180208,0.2047207417414465,-0.055213771185274395,0.05770108625531752,0.24513532727180826,-0.5038383723333324
0.18260416030335405,-0.1966973447964944,0.1791413719578233,0.28672530404375735,-0.29619821711310546,0.25490079230994017,0.03838271601904251,-0.011676497799809253,-0.2178873458773572,0.17527088129384608,-0.14308776063445175,-0.39808570848351343,-0.056213976255133954,0.021842248341201746,0.23759883766015383,0.0035887177328135455,0.17977506488013725,-0.3395420082220484,-0.15307010400703805,0.11695449717281724,-0.33043997557399524,-0.3640560683950749,0.004344460990652855,0.12146471958604474,0.07905657478225339,-0.34735826510693574,0.48250138691652233,-0.0201949849350345,0.1501663026623609,0.18309010813930363,0.16974733882593937,0.028061119205882952
